<?xml version="1.0" encoding="utf-8"?>
<odoo>
    <data noupdate="1">
        <!-- Financial Reports -->
        <record id="ins_account_financial_report_profitandloss0"
                model="ins.account.financial.report">
            <field name="name">Net Profit</field>
            <field name="type">sum</field>
            <field name="sign">-1</field>
        </record>

        <record id="ins_account_financial_report_income0"
                model="ins.account.financial.report">
            <field name="name">Income</field>
            <field name="sequence">1</field>
            <field name="parent_id"
                   ref="ins_account_financial_report_profitandloss0"/>
            <field name="display_detail">detail_with_hierarchy</field>
            <field name="type">sum</field>
            <field name="sign">-1</field>
            <field name="range_selection">current_date_range</field>
        </record>

        <record id="ins_account_financial_report_gross_profit0"
                model="ins.account.financial.report">
            <field name="name">Gross Profit</field>
            <field name="parent_id"
                   ref="ins_account_financial_report_income0"/>
            <field name="display_detail">detail_with_hierarchy</field>
            <field name="type">sum</field>
            <field name="sign">-1</field>
            <field name="range_selection">current_date_range</field>
        </record>

        <record id="ins_account_financial_report_operating_income0"
                model="ins.account.financial.report">
            <field name="name">Operating Income</field>
            <field name="sequence">1</field>
            <field name="parent_id"
                   ref="ins_account_financial_report_gross_profit0"/>
            <field name="display_detail">detail_with_hierarchy</field>
            <field name="type">account_type</field>
            <field name="range_selection">current_date_range</field>
            <field name="sign">-1</field>
            <field name="account_type_ids"
                   eval="[(4,ref('data_account_type_revenue'))]"/>
        </record>

        <record id="ins_account_financial_report_cost_of_revenue0"
                model="ins.account.financial.report">
            <field name="name">Cost of Revenue</field>
            <field name="sequence">10</field>
            <field name="parent_id"
                   ref="ins_account_financial_report_gross_profit0"/>
            <field name="display_detail">detail_with_hierarchy</field>
            <field name="type">account_type</field>
            <field name="range_selection">current_date_range</field>
            <field name="sign">-1</field>
            <field name="account_type_ids"
                   eval="[(4,ref('data_account_type_direct_costs'))]"/>
        </record>

        <record id="ins_account_financial_report_other_income0"
                model="ins.account.financial.report">
            <field name="name">Other Income</field>
            <field name="parent_id"
                   ref="ins_account_financial_report_income0"/>
            <field name="display_detail">detail_with_hierarchy</field>
            <field name="type">account_type</field>
            <field name="range_selection">current_date_range</field>
            <field name="sign">-1</field>
            <field name="account_type_ids"
                   eval="[(4,ref('data_account_type_other_income'))]"/>
        </record>

        <record id="ins_account_financial_report_expense0"
                model="ins.account.financial.report">
            <field name="name">Expenses</field>
            <field name="sequence">10</field>
            <field name="parent_id"
                   ref="ins_account_financial_report_profitandloss0"/>
            <field name="display_detail">detail_with_hierarchy</field>
            <field name="type">sum</field>
            <field name="range_selection">current_date_range</field>
        </record>

        <record id="ins_account_financial_report_expense_all"
                model="ins.account.financial.report">
            <field name="name">Expenses</field>
            <field name="sequence">1</field>
            <field name="parent_id"
                   ref="ins_account_financial_report_expense0"/>
            <field name="display_detail">detail_with_hierarchy</field>
            <field name="type">account_type</field>
            <field name="range_selection">current_date_range</field>
            <field name="account_type_ids"
                   eval="[(4,ref('data_account_type_expenses'))]"/>
        </record>

        <record id="ins_account_financial_report_expense_depreciation"
                model="ins.account.financial.report">
            <field name="name">Depreciation</field>
            <field name="sequence">10</field>
            <field name="parent_id"
                   ref="ins_account_financial_report_expense0"/>
            <field name="display_detail">no_detail</field>
            <field name="type">account_type</field>
            <field name="range_selection">current_date_range</field>
            <field name="account_type_ids"
                   eval="[(4,ref('data_account_type_depreciation'))]"/>
        </record>

        <record id="ins_account_financial_report_balancesheet0"
                model="ins.account.financial.report">
            <field name="name">BALANCE SHEET</field>
            <field name="type">sum</field>
        </record>

        <record id="ins_account_financial_report_assets0"
                model="ins.account.financial.report">
            <field name="name">ASSETS</field>
            <field name="sequence">1</field>
            <field name="parent_id"
                   ref="ins_account_financial_report_balancesheet0"/>
            <field name="display_detail">detail_with_hierarchy</field>
            <field name="range_selection">from_the_beginning</field>
            <field name="type">sum</field>
            <field name="account_type_ids"
                   eval="[(4,ref('data_account_type_receivable')), (4,ref('data_account_type_liquidity')), (4,ref('data_account_type_current_assets')), (4,ref('data_account_type_non_current_assets'), (4,ref('data_account_type_prepayments'))), (4,ref('data_account_type_fixed_assets'))]"/>
        </record>

        <record id="ins_account_financial_report_current_assets_view"
                model="ins.account.financial.report">
            <field name="name">Current Assets</field>
            <field name="sequence">1</field>
            <field name="parent_id"
                   ref="ins_account_financial_report_assets0"/>
            <field name="display_detail">detail_with_hierarchy</field>
            <field name="range_selection">from_the_beginning</field>
            <field name="type">sum</field>
        </record>

        <record id="ins_account_financial_report_current_assets_account_type"
                model="ins.account.financial.report">
            <field name="name">Current Assets</field>
            <field name="sequence">1</field>
            <field name="parent_id"
                   ref="ins_account_financial_report_current_assets_view"/>
            <field name="display_detail">detail_with_hierarchy</field>
            <field name="range_selection">from_the_beginning</field>
            <field name="type">account_type</field>
            <field name="account_type_ids"
                   eval="[(4,ref('data_account_type_current_assets'))]"/>
        </record>

        <record id="ins_account_financial_report_bank_cash_account_type"
                model="ins.account.financial.report">
            <field name="name">Bank and Cash Accounts</field>
            <field name="sequence">2</field>
            <field name="parent_id"
                   ref="ins_account_financial_report_current_assets_view"/>
            <field name="display_detail">detail_with_hierarchy</field>
            <field name="range_selection">from_the_beginning</field>
            <field name="type">account_type</field>
            <field name="account_type_ids"
                   eval="[(4,ref('data_account_type_liquidity'))]"/>
        </record>

        <record id="ins_account_financial_report_receivables_account_type"
                model="ins.account.financial.report">
            <field name="name">Receivables</field>
            <field name="sequence">3</field>
            <field name="parent_id"
                   ref="ins_account_financial_report_current_assets_view"/>
            <field name="display_detail">detail_with_hierarchy</field>
            <field name="range_selection">from_the_beginning</field>
            <field name="type">account_type</field>
            <field name="account_type_ids"
                   eval="[(4,ref('data_account_type_receivable'))]"/>
        </record>

        <record id="ins_account_financial_report_pre_payments_account_type"
                model="ins.account.financial.report">
            <field name="name">Pre-payments</field>
            <field name="sequence">4</field>
            <field name="parent_id"
                   ref="ins_account_financial_report_current_assets_view"/>
            <field name="display_detail">detail_with_hierarchy</field>
            <field name="range_selection">from_the_beginning</field>
            <field name="type">account_type</field>
            <field name="account_type_ids"
                   eval="[(4,ref('data_account_type_prepayments'))]"/>
        </record>

        <record id="ins_account_financial_report_fixed_assets_account_type"
                model="ins.account.financial.report">
            <field name="name">Plus Fixed Assets</field>
            <field name="sequence">5</field>
            <field name="parent_id"
                   ref="ins_account_financial_report_assets0"/>
            <field name="display_detail">no_detail</field>
            <field name="range_selection">from_the_beginning</field>
            <field name="type">account_type</field>
            <field name="account_type_ids"
                   eval="[(4,ref('data_account_type_fixed_assets'))]"/>
        </record>

        <record id="ins_account_financial_report_non_current_assets_account_type"
                model="ins.account.financial.report">
            <field name="name">Plus Non Current Assets</field>
            <field name="sequence">6</field>
            <field name="parent_id"
                   ref="ins_account_financial_report_assets0"/>
            <field name="display_detail">no_detail</field>
            <field name="range_selection">from_the_beginning</field>
            <field name="type">account_type</field>
            <field name="account_type_ids"
                   eval="[(4,ref('data_account_type_non_current_assets'))]"/>
        </record>

        <record id="ins_account_financial_report_liabilitysum0"
                model="ins.account.financial.report">
            <field name="name">LIABILITIES</field>
            <field name="sequence">2</field>
            <field name="parent_id"
                   ref="ins_account_financial_report_balancesheet0"/>
            <field name="display_detail">no_detail</field>
            <field name="type">sum</field>
            <field name="sign">-1</field>
        </record>

        <record id="ins_account_financial_report_current_liabilities_view"
                model="ins.account.financial.report">
            <field name="name">Current Liabilities</field>
            <field name="sequence">1</field>
            <field name="parent_id"
                   ref="ins_account_financial_report_liabilitysum0"/>
            <field name="display_detail">detail_with_hierarchy</field>
            <field name="range_selection">from_the_beginning</field>
            <field name="type">sum</field>
            <field name="sign">-1</field>
        </record>

        <record id="ins_account_financial_report_payables_account_type"
                model="ins.account.financial.report">
            <field name="name">Payables</field>
            <field name="sequence">1</field>
            <field name="parent_id"
                   ref="ins_account_financial_report_current_liabilities_view"/>
            <field name="display_detail">detail_with_hierarchy</field>
            <field name="range_selection">from_the_beginning</field>
            <field name="type">account_type</field>
            <field name="sign">-1</field>
            <field name="account_type_ids"
                   eval="[(4,ref('data_account_type_payable'))]"/>
        </record>

        <record id="ins_account_financial_report_current_liabilities_account_type"
                model="ins.account.financial.report">
            <field name="name">Current Liabilities</field>
            <field name="sequence">2</field>
            <field name="parent_id"
                   ref="ins_account_financial_report_current_liabilities_view"/>
            <field name="display_detail">detail_with_hierarchy</field>
            <field name="range_selection">from_the_beginning</field>
            <field name="type">account_type</field>
            <field name="sign">-1</field>
            <field name="account_type_ids"
                   eval="[(4,ref('data_account_type_current_liabilities')),
                        (4,ref('data_account_type_credit_card'))]"/>
        </record>

        <record id="ins_account_financial_report_non_current_liabilities_account_type"
                model="ins.account.financial.report">
            <field name="name">Plus Non Current Liabilities</field>
            <field name="sequence">2</field>
            <field name="parent_id"
                   ref="ins_account_financial_report_liabilitysum0"/>
            <field name="display_detail">no_detail</field>
            <field name="range_selection">from_the_beginning</field>
            <field name="type">account_type</field>
            <field name="sign">-1</field>
            <field name="account_type_ids"
                   eval="[(4,ref('data_account_type_non_current_liabilities'))]"/>
        </record>

<!--        <record id="ins_account_financial_report_liability0"-->
<!--                model="ins.account.financial.report">-->
<!--            <field name="name">Liability</field>-->
<!--            <field name="parent_id"-->
<!--                   ref="ins_account_financial_report_liabilitysum0"/>-->
<!--            <field name="display_detail">detail_with_hierarchy</field>-->
<!--            <field name="type">account_type</field>-->
<!--            <field name="range_selection">from_the_beginning</field>-->
<!--            <field name="account_type_ids"-->
<!--                   eval="[(4,ref('data_account_type_payable')), (4,ref('data_account_type_current_liabilities')), (4,ref('data_account_type_non_current_liabilities'))]"/>-->
<!--        </record>-->

        <record id="ins_account_financial_report_equitysum0"
                model="ins.account.financial.report">
            <field name="name">EQUITY</field>
            <field name="sequence">300</field>
            <field name="parent_id"
                   ref="ins_account_financial_report_balancesheet0"/>
            <field name="display_detail">no_detail</field>
            <field name="type">sum</field>
            <field name="sign">-1</field>
        </record>

        <record id="ins_account_financial_report_retained_earnings0"
                model="ins.account.financial.report">
            <field name="name">Retained Earnings</field>
            <field name="sequence">10</field>
            <field name="parent_id"
                   ref="ins_account_financial_report_equitysum0"/>
            <field name="display_detail">detail_with_hierarchy</field>
            <field name="type">account_type</field>
            <field name="range_selection">from_the_beginning</field>
            <field name="account_type_ids"
                   eval="[(4,ref('data_account_type_equity'))]"/>
            <field name="sign">-1</field>
        </record>

        <record id="ins_account_financial_report_unallocated_earnings0"
                model="ins.account.financial.report">
            <field name="name">Unallocated Earnings</field>
            <field name="sequence">1</field>
            <field name="parent_id"
                   ref="ins_account_financial_report_equitysum0"/>
            <field name="display_detail">no_detail</field>
            <field name="type">sum</field>
            <field name="sign">-1</field>
        </record>

        <record id="ins_account_financial_report_current_unallocated_earnings0"
                model="ins.account.financial.report">
            <field name="name">Current Unallocated Earnings</field>
            <field name="sequence">1</field>
            <field name="parent_id"
                   ref="ins_account_financial_report_unallocated_earnings0"/>
            <field name="display_detail">no_detail</field>
            <field name="type">sum</field>
            <field name="sign">-1</field>
        </record>

        <record id="ins_account_financial_report_current_earnings0"
                model="ins.account.financial.report">
            <field name="name">Current Earnings</field>
            <field name="parent_id"
                   ref="ins_account_financial_report_current_unallocated_earnings0"/>
            <field name="display_detail">no_detail</field>
            <field name="type">account_type</field>
            <field name="range_selection">current_date_range</field>
            <field name="account_type_ids"
                   eval="[(4,ref('data_account_type_other_income')),
                   (4,ref('data_account_type_revenue')),
                   (4,ref('data_account_type_expenses')),
                   (4,ref('data_account_type_direct_costs')),
                   (4,ref('data_account_type_depreciation'))]"/>
            <field name="sign">-1</field>
        </record>

        <record id="ins_account_financial_report_current_allocated_earnings0"
                model="ins.account.financial.report">
            <field name="name">Current Allocated Earnings</field>
            <field name="sign">-1</field>
            <field name="parent_id"
                   ref="ins_account_financial_report_current_unallocated_earnings0"/>
            <field name="display_detail">no_detail</field>
            <field name="type">account_type</field>
            <field name="range_selection">current_date_range</field>
            <field name="account_type_ids"
                   eval="[(4,ref('data_unaffected_earnings'))]"/>
            <field name="sign">-1</field>
        </record>

        <record id="ins_account_financial_report_previous_unallocated_earnings0"
                model="ins.account.financial.report">
            <field name="name">Previous Unallocated Earnings</field>
            <field name="sequence">10</field>
            <field name="parent_id"
                   ref="ins_account_financial_report_unallocated_earnings0"/>
            <field name="display_detail">no_detail</field>
            <field name="type">account_type</field>
            <field name="range_selection">initial_date_range</field>
            <field name="account_type_ids"
                   eval="[(4,ref('data_unaffected_earnings')),
                   (4,ref('data_account_type_other_income')),
                   (4,ref('data_account_type_revenue')),
                   (4,ref('data_account_type_expenses')),
                   (4,ref('data_account_type_direct_costs')),
                   (4,ref('data_account_type_depreciation'))]"/>
            <field name="sign">-1</field>
        </record>

    </data>
</odoo>
