<?xml version="1.0" encoding="utf-8"?>

<template xml:space="preserve">

    <t t-name="account_dynamic_reports.ageingReportLine">
        <tr class="py-main-tr" t-attf-id="main_move_line_{state.account_line.id}"
            t-on-click="()=>onGlLineClicked(this)"
            t-att-class="(state.subLinesVisibility || !state.account_line.id_list ? 'py-font-weight-500' : '')"
              >
                <td colspan="4"
                    t-on-mouseover="(ev) => this.handleHover(ev, true)"
                    t-on-mouseout="(ev) => this.handleHover(ev, false)">

                    <div>
                        <t t-if="state.account_line.id_list">
                            <i t-att-class="(state.subLinesVisibility ? 'fa fa-caret-down' : 'fa fa-caret-right')"/>
                            <t t-esc="state.account_line.partner_name"/>
                            <button t-if="state.viewGlVisibility"
                                    t-on-click="(ev) => this.viewGlLinesAction(ev, state.account_line.id_list)"
                                    class="btn btn_action py-btn-link">Journal Items</button>
                        </t>
                        <t t-else="">
                            Total
                        </t>
                    </div>
                </td>

                <t t-foreach="state.ageing_bucket" t-as="b" t-key="b">
                    <t t-set="bucket_value" t-value="state.account_line[state.ageing_bucket[b].name]"/>
                    <td align="right" t-att-class="(bucket_value == 0 ? 'py-font-weight-100' : '')"><t t-esc="this.formatFieldMonetary(bucket_value)"/></td>
                </t>
                <td align="right" t-att-class="(state.account_line.total == 0 ? 'py-font-weight-100' : '')"><t t-esc="this.formatFieldMonetary(state.account_line.total)"/></td>

        </tr>

        <tr class="py-initial-ending-tr" t-if="state.subLinesVisibility &amp; renderPageNumbers().length > 1">
            <td colspan="8"  class="page-numbers">
                <div>
                    <t t-foreach="renderPageNumbers()" t-as="pageNumber" t-key="pageNumber">
                        <a t-on-click="() => this.goToPage(pageNumber)" t-attf-class="{{ pageNumber === state.currentPage ? 'active-page' : '' }}">
                            <t t-esc="pageNumber"/>
                        </a>
                    </t>
                </div>
            </td>
        </tr>

        <t t-foreach="state.data" t-as="row" t-key="row.lid" t-if="state.subLinesVisibility">
            <tr class="py-sub-tr">
              <td>
                <t t-esc="row.move_name"/>
                <button
                    t-on-click="(ev) => this.viewJournalEnryAction(ev, row.move_id)"
                    class="btn btn_action py-btn-link">Entry</button>
              </td>
              <td><t t-esc="this.formatDate(row.date_maturity)"/></td>
              <td><t t-esc="row.journal_code"/></td>
              <td><t t-esc="row.account_code"/></td>
              <td align="right" t-att-class="(row.range_0 == 0 ? 'py-font-weight-100' : '')"><t t-esc="this.formatFieldMonetary(row.range_0)"/></td>
              <td align="right" t-att-class="(row.range_1 == 0 ? 'py-font-weight-100' : '')"><t t-esc="this.formatFieldMonetary(row.range_1)"/></td>
              <td align="right" t-att-class="(row.range_2 == 0 ? 'py-font-weight-100' : '')"><t t-esc="this.formatFieldMonetary(row.range_2)"/></td>
              <td align="right" t-att-class="(row.range_3 == 0 ? 'py-font-weight-100' : '')"><t t-esc="this.formatFieldMonetary(row.range_3)"/></td>
              <td align="right" t-att-class="(row.range_4 == 0 ? 'py-font-weight-100' : '')"><t t-esc="this.formatFieldMonetary(row.range_4)"/></td>
              <td align="right" t-att-class="(row.range_5 == 0 ? 'py-font-weight-100' : '')"><t t-esc="this.formatFieldMonetary(row.range_5)"/></td>
              <td align="right" t-att-class="(row.range_6 == 0 ? 'py-font-weight-100' : '')"><t t-esc="this.formatFieldMonetary(row.range_6)"/></td>
                <td align="right" t-att-class="(row.total == 0 ? 'py-font-weight-100' : '')"><t t-esc="this.formatFieldMonetary(row.total)"/></td>
            </tr>

        </t>
    </t>

</template>