<?xml version="1.0" encoding="UTF-8" ?>
<templates xml:space="preserve">

<t t-name="ica_web_responsive.EnterpriseNavBar" t-inherit="web.NavBar" t-inherit-mode="primary">
    <xpath expr="//nav" position="attributes">
        <attribute name="t-ref">nav</attribute>
    </xpath>
    <xpath expr="//t[@t-call='web.NavBar.AppsMenu']" position="replace">
        <a t-if="!isScopedApp" href="/odoo" class="o_menu_toggle border-0" t-att-class="{'hasImage': currentApp?.webIconData}" accesskey="h" t-ref="menuApps" t-on-click.prevent="() => { env.isSmall ? this._openAppMenuSidebar() : this.hm.toggle() }">
            <t t-if="env.isSmall and !hm.hasHomeMenu">
                <t t-call="web.NavBar.AppsMenu.Sidebar"/>
            </t>
            <t t-else="">
                <svg class="o_menu_toggle_icon pe-none" width="14px" height="14px" viewBox="0 0 14 14" xmlns="http://www.w3.org/2000/svg">
                    <g t-foreach="[0, 5, 10]" t-as="Y" t-att-id="'o_menu_toggle_row_' + Y_index" fill="currentColor" t-key="'o_menu_toggle_row_' + Y_index">
                        <rect t-foreach="[0, 5, 10]" t-as="X" width="3" height="3" t-att-x="X" t-att-y="Y" t-key="'o_menu_toggle_cell_' + X_index"/>
                    </g>
                </svg>
                <t t-if="!env.isSmall and currentApp">
                    <img
                        t-if="currentApp.webIconData"
                        t-att-src="currentApp.webIconData"
                        class="o_menu_brand_icon d-inline position-absolute start-0 h-100 ps-1 ms-2"
                        t-att-alt="currentApp.name"
                        t-ref="appIcon"/>
                    <span t-esc="currentApp.name" class="o_menu_brand d-flex ms-3 pe-0"/>
                </t>
            </t>
        </a>
        <a t-else="" t-att-href="pwa.startUrl" class="o_menu_toggle" t-ref="menuApps">
            <img
                t-if="currentApp &amp;&amp; currentApp.webIconData"
                t-att-src="currentApp.webIconData"
                class="o_menu_brand_icon d-none d-lg-inline position-absolute start-0 h-100 ps-1 ms-2"
                t-att-alt="currentApp.name"
                t-ref="appIcon"/>

            <span
                t-if="currentApp"
                t-esc="currentApp.name"
                class="o_menu_brand d-none d-md-flex ps-4 pe-0"/>
        </a>
    </xpath>

    <xpath expr="//DropdownItem[@t-esc='currentApp.name']" position="replace"/>
</t>

<t t-name="ica_web_responsive.EnterpriseNavBar.SectionsMenu" t-inherit="web.NavBar.SectionsMenu" t-inherit-mode="extension">
    <xpath expr="//Dropdown/button" position="attributes">
        <attribute name="class" add="fw-normal" separator=" "/>
    </xpath>
</t>

</templates>
