<?xml version="1.0" encoding="utf-8"?>

<template xml:space="preserve">

    <t t-name="account_dynamic_reports.analyticReportLine">
        <tr class="py-main-tr" t-attf-id="main_move_line_{state.account_line.id}"
            t-on-click="()=>onGlLineClicked(this)"
            t-att-class="(state.subLinesVisibility ? 'py-font-weight-500' : '')"
              >
                <td colspan="7"
                    t-on-mouseover="(ev) => this.handleHover(ev, true)"
                    t-on-mouseout="(ev) => this.handleHover(ev, false)">

                    <div>
                        <i t-att-class="(state.subLinesVisibility ? 'fa fa-caret-down' : 'fa fa-caret-right')"/>
                        <t t-esc="state.account_line.analytic_code"/> <t t-esc="state.account_line.analytic_name"/>
                        <button t-if="state.viewGlVisibility"
                                t-on-click="(ev) => this.viewGlLinesAction(ev, state.account_line.id_list)"
                                class="btn btn_action py-btn-link">Journal Items</button>
                    </div>
                </td>
                <td align="right" t-att-class="(state.account_line.amount == 0 ? 'py-font-weight-100' : '')"><t t-esc="this.formatFieldMonetary(state.account_line.amount)"/></td>
        </tr>

        <tr class="py-initial-ending-tr" t-if="state.subLinesVisibility &amp; renderPageNumbers().length > 1">
            <td colspan="8"  class="page-numbers">
                <div>
                    <t t-foreach="renderPageNumbers()" t-as="pageNumber" t-key="pageNumber">
                        <a t-on-click="() => this.goToPage(pageNumber)" t-attf-class="{{ pageNumber === state.currentPage ? 'active-page' : '' }}">
                            <t t-esc="pageNumber"/>
                        </a>
                    </t>
                </div>
            </td>
        </tr>

        <t t-foreach="state.data" t-as="row" t-key="row.id" t-if="state.subLinesVisibility">
            <tr class="py-sub-tr">
              <td><t t-esc="this.formatDate(row.date)"/></td>
              <td>
                <button
                    t-on-click="(ev) => this.viewJournalEnryAction(ev, row.move_id)"
                    class="btn btn_action py-btn-link">Entry</button>
              </td>
              <td><t t-esc="row.partner_name"/></td>
              <td><t t-esc="row.journal_code"/></td>
              <td><t t-esc="row.account_code"/></td>
              <td><t t-esc="row.plan"/></td>
              <td><t t-esc="row.product"/></td>
              <td align="right" t-att-class="(row.amount === 0 ? 'py-font-weight-100' : '')"><t t-esc="this.formatFieldMonetary(row.amount)"/></td>
            </tr>

        </t>
    </t>

</template>